,item_id,name,description,rating,price,list_price,brand,group,url,image
4337,2172089,Smart Tivi OLED LG 4K 65 inch 65C8PTA,"THÔNG TIN CHI TIẾT
Tổng công suất loa 40W / 2.2 ch
Công nghệ âm thanh Dolby Atmos
Thương hiệu LG
Điều khiển tivi bằng điện thoại Có
Hệ điều hành, giao diện webOS Smart TV
Công nghệ xử lý hình ảnh 4K Cinema HDR (tương thích với 4 chuẩn HDR phổ biến: Advanced HDR by Technicolor, Dolby Vision, HDR10 Pro & HLG Pro)
Model OLED 65C8PTA
Kết nối không dây Có
Cổng HDMI 1 (Phía sau) / 3 (Bên cạnh)
Xuất xứ Indonesia
Remote thông minh Có
Độ phân giải UHD 4K (3840 x 2160)
Kích thước màn hình 65 inch
Kích thước có chân/đặt bàn (Rộng x Dài x Sâu) 1449 x 881 x 230mm
Loại Tivi Smart Tivi
Tương tác thông minh Điều khiển thông minh tích hợp Chuột cảm ứng - Magic remote
USB 2 (Phía sau) / 1 (Bên cạnh)
Xem 3D Không
Khối lượng không chân 21kg
Khối lượng có chân 25.4kg
SKU 7291701573495
MÔ TẢ SẢN PHẨM
Loại Tivi: Smart Tivi, 65 inch
Độ phân giải: Ultra HD 4K (3840 x 2160)
Hệ điều hành webOS Smart TV
Ứng dụng có sẵn: Trình duyệt web, YouTube, Netflix, Zing TV, Zing Mp3, VnExpress, Film+
Ứng dụng có thể tải thêm: FPT Play, Clip.vn, The Karaoke Chanel
Công nghệ hình ảnh: 4K Cinema HDR
Điều khiển thông minh tích hợp Chuột cảm ứng - Magic remote
Kết nối Wifi, Lan, Bluetooth
Thiết kế sang trọng
Smart Tivi OLED LG 4K 65 inch 65C8PTA được thiết kế với độ mỏng cực kỳ ấn tượng  nhờ không sử dụng hệ thống đèn nền chiếu sáng, LG OLED TV có thể hòa hợp một cách hoàn hảo với mọi thiết kế nội thất nhờ có thiết kế siêu mỏng.
Độ tương phản vô hạn
Công nghệ điểm ảnh tự phát sáng mang đến màu đen hoàn hảo. Độ tương phản vô hạn giúp cảm giác màu sắc trở nên sâu hơn, mang đến một trải nghiệm điện ảnh hoàn hảo ngay tại phòng khách gia đình.
Chip xử lý thông minh α9
Chip xử lý thông minh α9 (Alpha9) được tối ưu hóa cho TV LG OLED. Mọi chi tiết trở nên sắc nét hơn, màu sắc nổi bật hơn và hình ảnh sâu hơn nhờ Chip xử lý thông minh α9. Chip xử lý thông minh α9 mang đến hình ảnh sắc nét hơn với công nghệ xử lý nhiễu 4 bước độc quyền của chính LG, bằng cách giảm nhiễu hạt và nhiễu theo dải nhiều hơn hai lần so với cách xử lý hình ảnh thông thường.
Trải nghiệm Rạp chiếu bóng cao cấp
Là chiếc TV tích hợp đồng thời cả 2 công nghệ Dolby Vision™ và Dolby Atmos® đẳng cấp nhằm mang đến trải nghiệp chất lượng hình ảnh và âm thanh đỉnh cao ngay tại nhà của bạn.
Công nghệ Active HDR vượt xa HDR thông thường
LG OLED TV hỗ trợ nội dung HDR cao cấp từ Dolby Vision™, đồng thời cũng tương thích với các định dạng HDR10 và HLG thông thường. Công nghệ Active HDR độc đáo của LG giúp tối ưu hình ảnh HDR theo từng cảnh để mọi khung hình đều trở nên thật như cuộc sống.
Dolby Atmos - Âm thanh rạp hát ngay tại nhà bạn
Công nghệ Dolby Atmos mang đến âm thanh tách bạch, riêng biệt của từng đối tượng trong không gian ba chiều để bạn có được trải nghiệm sống động và ngập tràn hoàn toàn.  Dolby Atmos® là hệ thống âm thanh vòng có âm thanh di chuyển theo các đối tượng của video. Với LG OLED TV mới, âm thanh có vẻ như bay theo tất cả các hướng, lên và xuống, phải và trái. Hệ thống này mang đến trải nghiệm âm thanh 360 độ.
Dễ sử dụng hơn với hệ điều hành WebOS 3.5
Với chiếc điều khiển Magic Remote thông minh và giao diện được tối ưu độc đáo của WebOS 3.5, bạn sẽ được đắm mình vào thế giới giải trí không giới hạn từ các nhà cung cấp dịch vụ nội dung phổ biến nhất. Bên cạnh đó tính bảo mật của hệ điều hành WebOS 3.5 còn ngăn chặn việc cài đặt các ứng dụng trái phép, đột nhật và rò rỉ thông tin riêng tư.
Giá sản phẩm trên Tiki đã bao gồm thuế theo luật hiện hành. Tuy nhiên tuỳ vào từng loại sản phẩm hoặc phương thức, địa chỉ giao hàng mà có thể phát sinh thêm chi phí khác như phí vận chuyển, phụ phí hàng cồng kềnh, ...
",5.0,37979000,82990000,LG,Điện Tử - Điện Lạnh/Tivi/Tivi OLED,https://smart-tivi-oled-lg-4k-65-inch-65c8pta-p2172089.html?src=ss-organic,https://salt.tikicdn.com/cache/280x280/ts/product/d1/57/09/d9d05b9dbf9b627e71a6ed73aa206d28.jpg
3593,53760828,Smart Tivi The Frame Samsung 4K 65 inch QA65LS03TA,"THÔNG TIN CHI TIẾT
Tổng công suất loa 60W
Số lượng loa 2
Công nghệ âm thanh Dolby Digital Plus
Thương hiệu Samsung
Xuất xứ thương hiệu Việt Nam
Composite video 1
Tivi kỹ thuật số (DVB-T2) CÓ
Tần số quét 100 Hz
Công nghệ xử lý hình ảnh HDR, HDR10+
Model QA65LS03TA
Cổng HDMI CÓ
Cổng internet (LAN) CÓ
Wifi CÓ
Năm ra mắt 2020
Loại Tivi 4K
USB CÓ
Xem 3D Không
SKU 3587830851363
MÔ TẢ SẢN PHẨM
Loại TV Lifestyle TV
Kích thước TV 65 Inch
Công Nghệ Hình Ảnh HDR, HDR10+
Độ Phân Giải Ultra HD 4K


Bật Lên Là TV, Tắt Đi Là Khung Tranh
Smart Tivi The Frame Samsung 4K 65 inch QA65LS03TA với thiết kế hiện đại tinh tế, làm nổi bật căn phòng, phù hợp với mọi không gian.
Chế Độ Art Mode
Hơn cả định nghĩa về một chiếc TV thông thường, chúng tôi mang đến một kiệt tác đúng nghĩa. Khi The Frame tắt, chế độ Art Mode cho phép trình chiếu các tác phẩm nghệ thuật hoặc bộ sưu tập/hình ảnh bạn yêu thích, biến hoá căn phòng thành không gian trưng bày cá nhân thi vị và đầy cảm hứng.
Art Store
Thỏa mãn niềm đam mê hội họa với gói Art Store miễn phí. Đăng ký thành viên (có trả phí) và thỏa thích khám phá kho nghệ thuật ấn tượng, đa phong cách, từ những tác phẩm kinh điển cho đến các kiệt tác đương đại tại Art Store.
Hệ Điều Hành TIZEN Mạnh Mẽ
Tận hưởng TV thông minh theo cách bạn chưa từng biết. The Frame cho phép bạn điều khiển TV nhanh chóng qua giọng nói, khám phá thế giới giải trí ấn tượng với một lần nhấn và thưởng thức liền mạch nội dung chuyển tiếp từ di động đến TV.
Tính Năng Mobile Mirroring
Ứng dụng SmartThings giúp bạn dễ dàng kết nối và trình chiếu liền mạch nội dung yêu thích trên màn hình lớn, tuyệt đẹp của The Frame. AirPlay 2 tích hợp khai mở khả năng truyền phát, chia sẻ và trình chiếu nội dung từ thiết bị Apple, nhanh chóng và đơn giản hơn bao giờ hết.
Tính Năng Multi Voice Assistants
Giờ đây, chỉ cần ra lệnh, bạn có thể nhanh chóng chuyển kênh, điều chỉnh âm lượng và nhiều hơn thế nữa với các trợ lý tích hợp sẵn như Samsung Bixby hoặc Google Assistant. Đơn giản chọn ngay trợ lý ảo của riêng bạn, điều lệnh và tận hưởng những tiện ích vượt trội.
Điều Khiển One Remote / Ứng Dụng SmartThings / Smart Hub
Giá sản phẩm trên Tiki đã bao gồm thuế theo luật hiện hành. Tuy nhiên tuỳ vào từng loại sản phẩm hoặc phương thức, địa chỉ giao hàng mà có thể phát sinh thêm chi phí khác như phí vận chuyển, phụ phí hàng cồng kềnh, ...
",4.9,27990000,79000000,Samsung,Điện Tử - Điện Lạnh/Tivi/Tivi 4K,https://smart-tivi-the-frame-samsung-4k-65-inch-qa65ls03ta-p53760828.html?src=ss-organic,https://salt.tikicdn.com/cache/280x280/ts/product/a5/48/55/467cf06c802d7bc888c4241ecb4825e5.jpg
3708,57415784,Android Tivi OLED Sony 4K 65 inch KD-65A8H,"THÔNG TIN CHI TIẾT
Tổng công suất loa 30W
Số lượng loa 4
Công nghệ âm thanh Hỗ trợ eARC, Âm thanh phát ra từ màn hình Acoustic Surface Audio, S-Master Digital Amplifier, DTS Digital Surround, S-Force Front Surround, Dolby Atmos, Dolby Audio
Thương hiệu Sony
Xuất xứ thương hiệu Nhật Bản
Composite video Có
Điều khiển tivi bằng điện thoại Bằng ứng dụng Android TV
Tivi kỹ thuật số (DVB-T2) Có
Hệ điều hành, giao diện Android 9.0
Công nghệ xử lý hình ảnh Dolby Vision, Triluminos Display, HLG, Chip xử lý X1 Ultimate, 4K X-tended Dynamic Range PRO, X-motion Clarity, Pixel Contrast Enhancer, HDR10
Model KD-65A8H
Kết nối bàn phím, chuột Có
Kết nối không dây Có
Cổng HDMI 4 cổng
Cổng internet (LAN) Có
Wifi Có
Xuất xứ Malaysia
Năm ra mắt 2020
Kích thước không chân/treo tường Ngang 144.8 cm - Cao 83.6 cm - Dày 32.6 cm
Loại Tivi Android Tivi Oled
Tương tác thông minh Remote cài sẵn phím Google Play và Netflix, Trợ lý ảo Google Assistant
Các ứng dụng sẵn có Kho ứng dụng Google Play Store, YouTube, Netflix, Amazon Video, Primevideo, Spotify
USB 3 cổng
Xem 3D Không
Khối lượng không chân 21.8kg
Khối lượng có chân 23.6kg
SKU 5973789697684
MÔ TẢ SẢN PHẨM
Loại Tivi: Android Tivi OLED, 65 inch
Độ phân giải: Ultra HD 4K, có HDR
Hệ điều hành: Android 9.0
Ứng dụng có sẵn: Kho ứng dụng Google Play Store, YouTube, Netflix, Amazon Video, Primevideo, Spotify
Ứng dụng có thể tải thêm: Galaxy Play (Fim+), FPT Play, Clip TV, ZingTV, VTVCab ON, Nhaccuatui
Công nghệ hình ảnh: Dolby Vision, Pixel Contrast Enhancer, HLG, Chip xử lý X1 Ultimate, 4K X-tended Dynamic Range PRO, Triluminos Display, X-motion Clarity, HDR10
Điều khiển Tivi bằng điện thoại: Bằng ứng dụng Android TV
Thiết kế siêu mỏng mang đến trải nghiệm xem tập trung tối đa vào hình ảnh
Android Tivi OLED Sony 4K 65 inch KD-65A8H sỡ hữu viền kim loại thanh mảnh, đơn giản hòa hợp với mọi không gian. Trọng tâm của cả căn phòng sẽ là hình ảnh trên chiếc tivi Sony 65 inch, thu hút tất cả sự tập trung vào từng khung hình.
Tivi Sony A8H này sở hữu chân đế kim loại có tính linh hoạt với 2 cách lắp đặt, có thể nâng hạ để bạn có thể đặt loa thanh phía dưới tivi nếu thích.
Hình ảnh hiển thị sắc nét với độ phân giải 4K
Tivi OLED Sony 4K KD-65A8H sở hữu kích thước màn hình rộng lên đến 65 inch cùng độ phân giải lên đến Ultra HD 4K, cho hình ảnh rõ nét trong từng chi tiết. Để đạt được chất lượng hình ảnh tuyệt đỉnh, chiếc Tivi này kết hợp công nghệ 4K cực kỳ rõ nét với độ sáng, màu sắc và chi tiết của dải tần nhạy sáng cao (HDR). Các vùng tối và sáng nay đã trở nên hoàn toàn sắc nét và chi tiết.
Hình ảnh chân thực có màu đen thuần khiết, độ sáng mạnh nhờ bộ xử lý X1 Ultimate
Bộ xử lý X1 Ultimate mạnh mẽ phân tích chính xác dữ liệu để làm phong phú hình ảnh trên tivi 4K bằng chi tiết, kết cấu chân thực, làm nổi bật độ tương phản cho ra những hình ảnh gần sát với tự nhiên nhất.
Công nghệ hiển thị TRILUMINOS Display
Màu sắc phong phú và sống động như thật nhờ công nghệ hiển thị TRILUMINOS Display và công nghệ xử lý màu sắc hiện đại. Công nghệ hiển thị TRILUMINOS sắp xếp có chọn lọc màu sắc trên gam màu rộng sẵn có nhờ vào đèn nền được phát triển đặc biệt nên màu sắc sẽ không trở nên quá sặc sỡ hoặc thiếu tự nhiên. Những hình ảnh sống động, trung thực sẽ khơi gợi cảm xúc của bạn trong từng khung cảnh. Hơn thế nữa, Từng cảnh quay trở nên sống động và tràn đầy năng lượng với các điểm nhấn sáng hơn, các khoảng tối sâu hơn và tông màu tự nhiên hơn với độ tương phản 4K.
Tăng cường màu sắc và độ tương phản nhờ công nghệ Pixel Contrast Booster
Trên tivi OLED được tích hợp công nghệ Pixel Contrast Booster tăng cường màu sắc và độ tương phản ở các vùng sáng để bạn có thể thưởng thức các cảnh với sắc thái và màu sắc đầy sống động, độ sâu sắc đen ấn tượng hơn.
Các cảnh chuyển động nhanh mượt mà sắc nét hơn qua công nghệ X-Motion Clarity
Hình ảnh chuyển động được điều chỉnh chính xác để giảm thiểu độ mờ, cảnh tốc độ cao vẫn chân thực mang lại trải nghiệm xem các bộ phim hành động thỏa mãn nhất.
Công nghệ Ambient Optimization
Tivi Sony được tích hợp một cảm biến ánh sáng giúp tối ưu hóa độ sáng của hình ảnh theo điều kiện phòng, tăng độ sáng khi ánh sáng môi trường sáng hơn và giảm độ sáng nếu trong phòng tối, để người xem tivi có được trải nghiệm xem tốt nhất.
Tivi OLED Sony này có thể phát hiện các vật thể và tái tạo âm thanh được tăng cường và tối ưu hóa theo không gian của bạn.
Trải nghiệm xem những bộ phim điện ảnh như tại rạp ngay trong nhà
Công nghệ Dolby Vision trên tivi Sony với khả năng giúp những vùng sáng nổi bật và những vùng tối được sâu hơn cùng dải màu sắc mở rộng mang đến cho bạn trải nghiệm thỏa sức tận hưởng những bộ phim điện ảnh hấp dẫn.
Dolby Atmos lan tỏa âm thanh mạnh mẽ, âm thanh phát ra đa chiều sống động cho bạn như đắm chìm vào trong những giai điệu hay từng khung cảnh phim hấp dẫn.
Đắm chìm trong âm thanh được phát ra từ chính màn hình nhờ công nghệ Acoustic Surface Audio
Âm thanh và hình ảnh ăn khớp với nhau một cách hài hòa và hoàn hảo với màn hình chính là loa. Một thiết bị truyền động tiên tiến phía sau màn hình sẽ rung một cách kín đáo để tạo âm thanh, nhờ đó những gì bạn nghe sẽ đến từ đúng vị trí hành động trong cảnh đang chiếu.
Kho ứng dụng giải trí đa dạng thể loại trên hệ điều hành Android 9.0
Android tivi Sony có hơn 5000 ứng dụng tại kho tùy bạn tải về theo sở thích, có thể đáp ứng những nhu cầu giải trí khác nhau của tất cả thành viên trong gia đình. Một số ứng dụng đang rất phổ biến hiện tại như: Google Play Store, Youtube, Netflix, Amazon Video, Primevideo, Sportify, đều có sẵn trên tivi.
Điều khiển tivi bằng giọng nói tiếng Việt nhờ trợ lý ảo Google Assistant và remote thông minh thiết kế mới
Với tính năng điều khiển bằng giọng nói hiện đại, chiếc tivi Sony 4K này cho bạn tận hưởng ngay các bộ phim và chương trình chỉ cần nói và ra lệnh.
Điều khiển tivi bằng điện thoại với ứng dụng Android TV Remote Control
Ứng dụng Android TV Remote Control hỗ trợ điều khiển tivi bằng điện thoại mang đến sự tiện ích hơn trong quá trình sử dụng, không phải lệ thuộc quá nhiều vào remote theo kèm tivi.
Chiếu màn hình thiết bị iOS lên tivi với tính năng Chromecast và Apple AirPlay được tích hợp trên tivi
Apple AirPlay giúp bạn có thể phát trực tiếp video, âm thanh qua tivi ngay từ iPhone, iPad hoặc Macbook. Ngoài ra bạn còn xem phim, các chương trình phát từ ứng dụng Apple tivi, ứng dụng bạn thích hoặc từ Safari.
Bên cạnh đó bạn cũng có thể sử dụng Chromecast truyền video, game và các ứng dụng yêu thích từ thiết bị di động (cả Android và iOS) sang tivi mà vẫn đảm bảo chất lượng.
Hỗ trợ đầy đủ các cổng kết nối thông dụng
Ngoài ra, tivi cũng hỗ trợ cổng HDMI và USB để bạn kết nối nhiều thiết bị khác hay chia sẻ nội dung lên màn hình tivi dễ dàng. Với cổng HDMI, bạn có thể chia sẻ nội dung từ máy tính laptop, PC cá nhân lên màn hình, trình chiếu slideshow, Kết nối USB cho phép người dùng phát trực tiếp các nội dung định dạng hỗ trợ như trình chiếu ảnh, xem phim, nghe nhạc trực tiếp từ USB mà không cần qua thiết bị chuyển tiếp, mang lại trải nghiệm thú vị không kém so với các dòng TV khác trên thị trường hiện nay.
Giá sản phẩm trên Tiki đã bao gồm thuế theo luật hiện hành. Tuy nhiên tuỳ vào từng loại sản phẩm hoặc phương thức, địa chỉ giao hàng mà có thể phát sinh thêm chi phí khác như phí vận chuyển, phụ phí hàng cồng kềnh, ...
",5.0,51990000,74900000,Sony,Điện Tử - Điện Lạnh/Tivi/Smart Tivi - Android Tivi,https://android-tivi-oled-sony-4k-65-inch-kd-65a8h-p57415784.html?src=ss-organic,https://salt.tikicdn.com/cache/280x280/ts/product/5a/86/90/14a8bc323186bf86bef8630fc9f26926.jpg
3947,58545325,Smart Tivi Samsung 4K 82 inch UA82TU8100,"THÔNG TIN CHI TIẾT
Tổng công suất loa 20W
Số lượng loa 2
Công nghệ âm thanh Dolby Digital Plus
Thương hiệu Samsung
Xuất xứ thương hiệu Hàn Quốc
Component video CÓ
Tivi kỹ thuật số (DVB-T2) CÓ
Tần số quét 100 Hz
Công nghệ xử lý hình ảnh HDR10+ , PurColor
Model UA82TU8100
Kết nối bàn phím, chuột Có thể kết nối (sử dụng tốt nhất trong trình duyệt web)
Kết nối không dây Chiếu màn hình qua AirPlay 2, Chiếu màn hình Screen Mirroring
Cổng HDMI 3
Cổng internet (LAN) CÓ
Wifi CÓ
Xuất xứ Việt Nam
Năm ra mắt 2020
Loại Tivi 4K
Các ứng dụng sẵn có Youtube, Netflix, Trình duyệt web, Kho ứng dụng
USB 2
Xem 3D Không
Khối lượng không chân 38
Khối lượng có chân 39
SKU 9085079811291
MÔ TẢ SẢN PHẨM
Cải thiện độ sáng vượt trội với công nghệ HDR
Độ phân giải 4K sắc nét, sống động
Chế độ hình nền Ambient Mode độc đáo
sở hữu thiết kế sáng trọng, hiện đại với màn hình tràn viền siêu mỏng. Bên cạnh đó, phần chân đế được thiết kế lạ mắt giúp tôn lên nét độc đáo và mới lạ cho thiết bị, tạo thêm điểm nhấn trong không gian sử dụng.
Khung Hình Sắc Nét Và Sống Động với Công Nghệ Crystal Display
Đắm chìm trong từng khung hình rực rỡ với dải sắc màu rộng lớn. Công Nghệ Crystal Display giúp tối ưu màu sắc hiển thị và mang lại trải nghiệm xem sống động đến bất ngờ.
Chất Lượng Hình Ảnh Chân Thực Với Độ Phân Giải UHD 4K
Sở hữu gấp 4 lần điểm ảnh so với TV FHD thông thường, TV UHD 4K mang đến khung hình sắc nét và sống động, cho bạn trải nghiệm xem chân thật nhất.
Truy Cập Đa Dạng Nội Dung Với Một Điều Khiển với Smart Hub Và One Remote
Tận hưởng hàng triệu nội dung một cách đơn giản chỉ với One Remote Control - chiếc điều khiển vạn năng cho phép bạn dễ dàng tìm kiếm nội dung từ thiết bị giải mã tín hiệu truyền hình (set-top box), các ứng dụng, game cầm tay console đến các chương trình truyền hình trực tiếp yêu thích.
Nền tảng Tizen OS
Tizen OS là một trong những hệ điều hành được người dùng đánh giá cao nhất hiện nay, bên cạnh giao diện sử dụng thân thiện, thì khả năng phản hồi ở các thao tác lệnh cũng cực kì nhanh chóng, gần như là tức thời. Kho ứng dụng cũng cực kì phong phú và đa dạng, đủ mọi thể loại như Netflix, MP3 Zing, Youtube,
Dễ Dàng Điều Khiển Với Google Assistant
Dễ dàng sử dụng giọng nói để thay đổi kênh, điều chỉnh âm lượng, danh sách phát nhạc hay nhiều hơn thế nữa với sự xuất hiện của Google Assistant trên TV Samsung.      
Giá sản phẩm trên Tiki đã bao gồm thuế theo luật hiện hành. Tuy nhiên tuỳ vào từng loại sản phẩm hoặc phương thức, địa chỉ giao hàng mà có thể phát sinh thêm chi phí khác như phí vận chuyển, phụ phí hàng cồng kềnh, ...
",5.0,37979000,69000000,Samsung,Điện Tử - Điện Lạnh/Tivi/Tivi 4K,https://smart-tivi-samsung-4k-82-inch-ua82tu8100-p58545325.html?src=ss-organic,https://salt.tikicdn.com/cache/280x280/ts/product/b6/35/0f/5df18044b07bea32aa768194c2357135.jpg
1935,711323,Máy Ảnh Canon EOS 6D MARK II + Lens Canon 24-105mm F4L IS II USM - Hàng Chính Hãng,"THÔNG TIN CHI TIẾT
Thương hiệu Canon
Kích thước Dài 144.0 x Rộng 110.05 x Cao 74.8 mm
Model EOS 6D MARK II + Lens 24-105 F4L IS II USM
Xuất xứ Nhật Bản
Trọng lượng 685 g (thân máy)
Bộ cảm biến ảnh CMOS Full Frame 26.2 MP
Bộ xử lý ảnh DIGIC 7
Hỗ trợ định dạng JPEG, RAW, JPEG + RAW
Điểm lấy nét 45 điểm chữ thập
Loại/ Công nghệ màn hình TFT
Phụ kiện đi kèm Lens Canon 24-105mm F4L IS II USM, Pin LP-E6N, Sạc LC-E6, Ống ngắm, Dây đeo, Đĩa CD, Hướng dẫn sử dụng
Nhà sản xuất Canon
Kích thước màn hình 3 inch
Thẻ nhớ tương thích SD/ SDHC/ SDXC (UHS-I compatible)
Tốc độ chụp 6.5 khung hình/ giây
Tốc độ màn trập 1/4.000 giây - 30 giây
Cổng USB USB 2.0
SKU 2969971741078
MÔ TẢ SẢN PHẨM
Cảm biến ảnh: CMOS Full Frame 26.2 MP
Bộ xử lý ảnh: DIGIC 7
ISO 100 - 40.000 (mở rộng ISO 50 - 102.400)
Hệ thống lấy nét: 45 điểm ảnh
Chụp ảnh liên tục: 6.5 ảnh/ giây
Kết nối: WiFi, Bluetooth, NFC và GPS
Lens Canon 24-105mm F4L IS II USM
Cảm biến 26.2MP Full-Frame và chip xử lý ảnh DIGIC 7
Máy ảnh Canon EOS 6D Mark II sử dụng bộ cảm biến CMOS Full Frame 26.2MP cùng chip xử lý hình ảnh DIGIC 7 có khả năng tạo ra những tấm ảnh và video sắc nét, sinh động. Sự kết hợp của bộ đôi này cũng mang lại cho máy dãi nhạy sáng khá rộng, ISO 100 - 40.000 có thể mở rộng lên mức 50 - 102.400, đáp ứng nhu cầu chụp hình trong mọi điều kiện ánh sáng. Bên cạnh đó, tốc độ chụp ảnh liên tục của chiếc máy ảnh này cũng khả tốt, lên mức 6.5 khung hình/ giây.
Ống kính Canon 24-105mm F4L IS II USM
Ống kính Canon 24 - 105 mm F3.5-5.6 IS STM là ống kính zoom đa năng được khá nhiều người dùng lựa chọn bởi góc chụp rộng cùng dải tele ngắn. Bên cạnh đó, ống kính còn có khẩu độ cố định F/4, thiết kế quang học mới với 4 thấu kính phi cầu thủy tinh đúc giúp hạn chế hiện tượng Vignetting của hình ảnh. Ngoài ra, lớp tráng phủ Air Sphere giúp giảm thiểu bóng ma và lóe sáng. Một sự kết hợp hoàn hảo với chiếc máy ảnh full frame Canon EOS 6D Mark II.
Hệ thống lấy nét AFOS Pixel CMOS kép 45 điểm
Canon đã nâng cấp hệ thống lấy nét của Canon 6D Mark II từ 11 điểm lên 45 điểm lấy nét, và tất cả các điểm này đều điểm lấy nét chữ thập (cross-type). Qua đó chiếc máy ảnh này dễ dàng lấy nét và theo dõi bám sát chủ thể.
Khả năng kết nối
Máy ảnh Canon EOS 6D Mark II chỉ có một khe thẻ nhớ SD hỗ trợ chuẩn UHS-I. Về kết nối, máy không chỉ có Wi-Fi, NFC mà còn hỗ trợ cả Bluetooth và tích hợp cả GPS.
Quay video Full HD
Máy ảnh Canon EOS 6D Mark II hỗ trợ khả năng quay phim Full HD 1.920 x 1.080 pixel với tốc độ 60 fps, điều chỉnh ISO từ 100 - 25.600. Thời lượng quay 1 clip lên đến 29 phút 59 giây. Kết hợp công nghệ Canon Dual Pixel AF, việc lấy nét liên tục của Canon 6D Mark II hoạt động hiệu quả hơn. Máy ảnh này cũng có khả năng tạo phim 4K Time-lapse tích hợp sẵn bên trong máy.
Thiết kế sang trọng
Màn hình LCD góc rộng 3.0 inch có tính năng chống phản chiếu để có thể phát lại hình ảnh sống động và sắc nét cùng với giao diện màn hình cảm ứng có thể được sử dụng để điều khiển trực tiếp và điều chỉnh các cài đặt trong menu. Một khe cắm thẻ SD duy nhất có sẵn để lưu ảnh và video. Kính ngắm quang học cung cấp khoảng 98% phủ sóng của khung và có độ phóng đại là 0,71x. Thiết kế thân máy bền chắc tránh bụi và thời tiết để cho phép làm việc trong môi trường khắc nghiệt.
Thông số kỹ thuật
Hình ảnh
Gắn ống kính Canon EF
Định dạng Camera Toàn khung (Hệ số cây trồng 1.0x)
Pixel 26,2 Megapixel
Tỷ lệ 3:02
Loại cảm biến / Kích thước CMOS, 36 x 24 mm
Định dạng tệp tin Hình ảnh tĩnh: JPEG, RAW 
Phim: MOV, MP4, MPEG-4 AVC / H.264 
Âm thanh: AAC, Linear PCM (Stereo)
Độ sâu Bit 14-bit
Hệ thống giảm bụi Có
Loại thẻ nhớ SDXC 
SDHC 
SD
Chế độ chống rung ảnh Kỹ thuật số, 5 chiều
    Kiểm soát lấy nét
Loại tiêu cự Tự động
Chế độ tập trung AF liên tục Servo (C), lấy nét bằng tay (M), Single-servo AF (S)
Điểm lấy nét tự động 45 (45 Cross-Type)
    Kính ngắm / Hiển thị
Loại kính ngắm Quang học
Điểm mắt kính ngắm 21,00 mm
Phạm vi của Kính ngắm 98%
Phóng đại kính ngắm Khoảng 0.71x
Điều chỉnh Diopter -3 đến +1 m
Màn hình hiển thị Màn hình cảm ứng xoay 3 inch xoay
Bảo hiểm màn hình 100%
Góc chéo của khung nhìn 170.0 °
Kiểm soát tiếp xúc
Độ nhạy ISO Tự động, 100-40000 (Chế độ mở rộng: 50-102400)
Màn trập Loại: Điện tử & Cơ khí 
Tốc độ: 30 - 1/4000 giây, Chế độ Bóng đèn
Điều khiển từ xa TC-80N3, RS-80N3 (Tùy chọn)
Khóa gương Có
Phương pháp đo Đo sáng đánh giá, Đo sáng một phần, Đo sáng điểm
Chế độ phơi sáng Các chế độ: Ưu tiên khẩu độ, tự động, bằng tay, lập trình tự động, độ ưu tiên màn trập
Chụp liên tục Lên đến 6.5 fps ở mức 26.2 MP
Chế độ cân bằng trắng Tự động, có mây, nhiệt độ màu, tùy chỉnh, ánh sáng ban ngày, đèn flash, đèn huỳnh quang, bóng râm,
Đèn flash
Tốc độ đồng bộ hóa tối đa Chụp cơ: 1/180 giây
Flash bù -3 EV đến +3 EV (theo bước 1/3 hoặc 1/2 EV)
Hệ thống Flash chuyên dụng ETTL
Ghi hình AV
Quay video Có
Kích thước tập tin 1920 x 1080p (Full HD)
Tỷ lệ 16:09
Tỷ lệ khung hình @ 1920 x 1080: 60 khung hình / giây, 30 khung hình / giây, 24 khung hình / giây
Kiểm soát tiếp xúc Tự động: Tốc độ màn trập, Độ mở ống kính, 
Hướng dẫn sử dụng ISO : Tốc độ màn trập, Độ mở ống kính, ISO
Độ nhạy ISO Tự động, 100 - 25600
Bồi thường tiếp xúc -3 EV đến +3 EV (trong bước 1/3 EV)
Tiêu điểm Auto 
Manual 
Auto Continuous
Độ dài Video Clip tối đa 1920 x 1080: 29 phút 59 giây 
Ghi âm Micrô tích hợp: Với 
Micrô gắn ngoài tùy chọn theo Video
Hiệu suất
Tự hẹn giờ 2 Giây, 10 Giây
Ghi hình Interval Có
Kết nối 1/8 Microphone, Canon N3, HDMI C (Mini), USB 2.0
Khả năng Có Wi-Fi Có
Năng lượng
Ắc quy 1 x LP-E6N Bộ pin Lithium-Ion có thể sạc lại, 7.2 VDC, 1865 mAh
Bộ chuyển đổi nguồn AC ACK-E6 (Tùy chọn)
Nhiệt độ hoạt động / lưu trữ 32 đến 104 ° F (0 đến 40 ° C) 
Độ ẩm: 0 - 85%
Giá sản phẩm trên Tiki đã bao gồm thuế theo luật hiện hành. Tuy nhiên tuỳ vào từng loại sản phẩm hoặc phương thức, địa chỉ giao hàng mà có thể phát sinh thêm chi phí khác như phí vận chuyển, phụ phí hàng cồng kềnh, ...
",0.0,62690000,68250000,Canon,Máy Ảnh - Máy Quay Phim/Máy Ảnh/Máy Ảnh DSLR,https://may-anh-canon-eos-6d-mark-ii-lens-canon-24-105mm-f4l-is-ii-usm-hang-chinh-hang-p711323.html?src=ss-organic,https://salt.tikicdn.com/cache/280x280/ts/product/6d/9f/d1/801c337ba635a32b852e56ae220b90cc.jpg
